Word,Character,Location,Meta
Bridges,Amelie,United Cities of America,Geoff Keighley
president,BB,UCA,Junji Ito
Homo Demens,Benjamin Hancock,Capital Knot City,Jordan Vogt-Roberts
explosion,Bridget Strand,Central Knot City,Edgar Wright
mass extinction,Chiral Artist,Edge Knot City,Conan O'Brien
cargo,Cliff Unger,Lake Knot City,Low Roar
exoskeleton,Collector,Middle Knot City,CHVRCHES
carrier,Cosplayer,Mountain Knot City,Decima
safe house,Craftsman,Port Knot City,Mads Mikkelsen
generator,Deadman,Private room,Margaret Qualley
hot springs,Die-Hardman,South Knot City,Norman Reedus
voidout,Doctor,The Beach,Tommie Earl Jenkins
Social Strand System,Elder,The Seam,Troy Baker
strand,Engineer,Incinerator,Lea Seydoux
death stranding,Film Director,Weather Station,Lindsay Wagner
rope,First Prepper,Wind Farm,
chiral network,Fragile,,
Beached Thing,Heartman,,
BT,Higgs,,
chiralium,Junk Dealer,,
antimatter,Lockne,,
Monster Energy,Ludens Fan,,
Extinction Entity,Mama,,
repatriate,Peter Englert,,
DOOMS,Porter,,
boots,Prepper,,
Odradek,Sam,,
Q-pid,Sam Porter Bridges,,
bridge,Spiritualist,,
Timefall,Stillmother,,
hematic grenade,Thomas Southerland,,
autotoxemia,Timefall Farmer,,
cryptobiote,Viktor Frank,,
necrosis,Wandering MC,,
trance connection,MULE,,
urination,,,
backpack,,,